{"regular": {"DoNothing": 8.713197708129883, "Ring": 37.91511058807373, "SingleSpike": 10.93134880065918, "SingleSpikeKeep": 10.935425758361816, "FIFORing[4]": 20.742440223693848, "SortedArray[4]": 26.755356788635254}, "forward": {"DoNothing": 217.89419651031494, "SingleSpike": 915.322208404541, "SingleSpikeKeep": 917.719554901123, "FIFORing[4]": 10372.480773925781, "SortedArray[4]": 10262.504577636719}, "reverse": {"DoNothing": 19.43349838256836, "SingleSpike": 30.92806339263916, "FIFORing[4]": 61.342787742614746, "SortedArray[4]": 63.350558280944824}, "host": {"hostname": "gcn148.local.snellius.surf.nl", "device": "jax_gpu", "hw_version": "PJRT C API\ncuda 12080", "jax_version": "0.6.1", "backend": "jax"}}