{"single": {"DoNothing": 0.0013232231140136719, "BitArray32": 17.636622985204063, "LossyRing[4]": 20.36768595377604, "SortedArray[4]": 23.70818853378296, "Ring": 23.725863297780357, "SingleSpikeKeep": 25.061047077178955, "SingleSpike": 25.09141365687053, "FIFORing[4]": 26.729557911554977, "BinaryHeap[7]": 63.365060091018684, "BGPQ1": 68.82219513257346}, "batched": {"DoNothing": 0.002350409825642904, "SingleSpikeKeep": 9.222888946533203, "SingleSpike": 9.320123990376791, "BitArray32": 9.384800990422566, "LossyRing[4]": 13.61997922261556, "FIFORing[4]": 14.841363827387491, "SortedArray[4]": 24.444864193598427, "Ring": 25.41847626368205, "BinaryHeap[7]": 32.78158903121948, "BGPQ1": 168.3018485705058}, "host": {"hostname": "gcn148.local.snellius.surf.nl", "device": "jax_gpu", "hw_version": "PJRT C API\ncuda 12080", "jax_version": "0.6.1", "backend": "jax"}}