{"single": {"DoNothing": 0.0031948089599609375, "SingleSpike": 2.67023245493571, "SingleSpikeKeep": 2.679353952407837, "BitArray32": 2.7064184347788496, "FIFORing[4]": 5.581835905710856, "Ring": 5.598890781402588, "LossyRing[4]": 6.139419476191202, "SortedArray[4]": 6.5169016520182295, "BinaryHeap[7]": 8.608555793762207, "BGPQ1": 32.834329207738236}, "batched": {"DoNothing": 0.004949172337849935, "BitArray32": 11.154321829477947, "SingleSpike": 11.154464880625408, "SingleSpikeKeep": 11.154750982920328, "SortedArray[4]": 19.83802318572998, "Ring": 98.9267369111379, "LossyRing[4]": 105.75102766354878, "FIFORing[4]": 193.28376650810242, "BinaryHeap[7]": 1033.809264500936, "BGPQ1": 3085.135918855667}, "host": {"hostname": "t1v-n-9a0ef721-w-0", "device": "jax_tpu", "hw_version": "PJRT C API\nTFRT TPU v4\nBuilt on May 15 2025 08:22:47 (1747322567) cl/759148519", "jax_version": "0.6.1", "backend": "jax"}}