{"regular": {"DoNothing": 7.822723686695099, "Ring": 193.12559366226196, "SingleSpike": 11.287331581115723, "SingleSpikeKeep": 11.292047798633575, "FIFORing[4]": 287.93487548828125, "SortedArray[4]": 30.447766184806824}, "forward": {}, "reverse": {"DoNothing": 12.63648122549057, "SingleSpike": 40.30746519565582, "FIFORing[4]": 88279.41284179688, "SortedArray[4]": 693.666410446167}, "host": {"hostname": "t1v-n-9a0ef721-w-0", "device": "jax_tpu", "hw_version": "PJRT C API\nTFRT TPU v4\nBuilt on May 15 2025 08:22:47 (1747322567) cl/759148519", "jax_version": "0.6.1", "backend": "jax"}}