{"single": {"DoNothing": 0.00029206275939941406, "SingleSpike": 0.0030815601348876953, "SingleSpikeKeep": 0.0033795833587646484, "SortedArray[2]": 0.007688999176025391, "FIFORing[2]": 0.00787973403930664, "FIFORing[4]": 0.008320808410644531, "BinaryHeap[4]": 0.008684396743774414, "LossyRing[4]": 0.00870823860168457, "FIFORing[8]": 0.008720159530639648, "BinaryHeap[3]": 0.008910894393920898, "SortedArray[8]": 0.009059906005859375, "BinaryHeap[5]": 0.009328126907348633, "BinaryHeap[7]": 0.009381771087646484, "BinaryHeap[6]": 0.009393692016601562, "FIFORing[100]": 0.010442733764648438, "Ring": 0.013709068298339844, "LossyRing[2]": 0.013726949691772461, "LossyRing[100]": 0.015377998352050781, "BinaryHeap[2]": 0.016224384307861328, "SortedArray[4]": 0.0171661376953125, "BGPQ1": 0.026530027389526367}, "batched": {"DoNothing": 0.0009894371032714844, "SingleSpike": 0.32784342765808105, "SingleSpikeKeep": 0.7112562656402588, "LossyRing[2]": 3.135746717453003, "FIFORing[2]": 4.351824522018433, "LossyRing[4]": 4.461085796356201, "FIFORing[4]": 5.211389064788818, "BinaryHeap[2]": 5.934262275695801, "FIFORing[8]": 6.490015983581543, "BinaryHeap[4]": 6.835836172103882, "BinaryHeap[3]": 6.866687536239624, "BinaryHeap[5]": 7.221430540084839, "BinaryHeap[6]": 7.693171501159668, "BinaryHeap[7]": 8.270561695098877, "SortedArray[2]": 65.71801900863647, "Ring": 70.76548337936401, "BGPQ1": 84.24884676933289, "FIFORing[100]": 89.35406804084778, "LossyRing[100]": 90.30969142913818, "SortedArray[4]": 121.72360420227051, "SortedArray[8]": 226.02185010910034}, "host": {"hostname": "Groqhost1", "device": "jax_cpu", "hw_version": "cpu", "jax_version": "0.6.0", "backend": "jax"}}