{"regular": {"DoNothing": 10.527701675891876, "SingleSpike": 10.453963279724121, "SingleSpikeKeep": 10.456199944019318, "FIFORing[2]": 12.46802806854248, "FIFORing[3]": 12.672768533229828, "FIFORing[4]": 12.699989974498749, "SortedArray[2]": 12.299437820911407, "SortedArray[3]": 12.746039032936096, "SortedArray[4]": 12.761016190052032, "Ring": 10.690655559301376}, "forward": {"DoNothing": 9.987950325012207, "SingleSpike": 17.379646003246307, "SingleSpikeKeep": 18.697237968444824, "FIFORing[2]": 38.81090581417084, "FIFORing[3]": 40.44629633426666, "FIFORing[4]": 47.895488142967224, "SortedArray[2]": 34.9522203207016, "SortedArray[3]": 36.77782118320465, "SortedArray[4]": 37.668415904045105, "Ring": 1049.1812705993652}, "reverse": {"DoNothing": 14.715194702148438, "SingleSpike": 20.224671065807343, "FIFORing[2]": 42.60035157203674, "FIFORing[3]": 42.543455958366394, "FIFORing[4]": 42.465001344680786, "SortedArray[2]": 37.465840578079224, "SortedArray[3]": 38.94360065460205, "SortedArray[4]": 37.99691200256348, "Ring": 33.974239230155945}, "host": {"hostname": "henkdenktenk_docker", "device": "jax_gpu", "hw_version": "PJRT C API\ncuda 12080", "jax_version": "0.6.0", "backend": "jax"}}