{"single": {"DoNothing": 0.0021457672119140625, "LossyRing[2]": 16.505444049835205, "LossyRing[100]": 16.55038595199585, "LossyRing[4]": 16.56186580657959, "Ring": 19.6430504322052, "SortedArray[2]": 19.70231533050537, "SortedArray[4]": 19.721072912216187, "SortedArray[8]": 19.766104221343994, "SingleSpike": 22.479790449142456, "SingleSpikeKeep": 22.739440202713013, "FIFORing[4]": 22.76700735092163, "FIFORing[8]": 22.851449251174927, "FIFORing[2]": 22.877639532089233, "FIFORing[100]": 22.88038730621338, "BinaryHeap[2]": 49.12431836128235, "BinaryHeap[3]": 49.28997755050659, "BinaryHeap[5]": 49.378013610839844, "BinaryHeap[4]": 49.4629442691803, "BinaryHeap[7]": 49.58696961402893, "BinaryHeap[6]": 49.64548349380493, "BGPQ1": 52.510303258895874}, "batched": {"DoNothing": 0.0022351741790771484, "SingleSpike": 5.408698320388794, "SingleSpikeKeep": 5.460017919540405, "LossyRing[2]": 5.700480937957764, "LossyRing[4]": 5.905836820602417, "Ring": 7.062292098999023, "LossyRing[100]": 7.10417628288269, "FIFORing[4]": 7.26701021194458, "FIFORing[2]": 7.271045446395874, "FIFORing[8]": 7.350867986679077, "FIFORing[100]": 8.604258298873901, "SortedArray[2]": 8.951514959335327, "SortedArray[4]": 9.861600399017334, "SortedArray[8]": 10.661417245864868, "BinaryHeap[3]": 31.282591819763184, "BinaryHeap[2]": 31.2904953956604, "BinaryHeap[7]": 31.36827945709228, "BinaryHeap[6]": 31.373763084411625, "BinaryHeap[5]": 31.746214628219608, "BinaryHeap[4]": 31.855058670043945, "BGPQ1": 100.81225037574768}, "host": {"hostname": "169ad9573b18", "device": "jax_gpu", "hw_version": "PJRT C API\ncuda 12080", "jax_version": "0.6.0", "backend": "jax"}}