{"single": {"DoNothing": 0.0008046627044677734, "SingleSpike": 0.01035928726196289, "LossyRing[4]": 0.012248754501342773, "FIFORing[8]": 0.013697147369384766, "SingleSpikeKeep": 0.013893842697143555, "LossyRing[2]": 0.015056133270263672, "SortedArray[4]": 0.015938282012939453, "SortedArray[8]": 0.016111135482788086, "SortedArray[2]": 0.02079606056213379, "FIFORing[2]": 0.02301931381225586, "BinaryHeap[3]": 0.026547908782958984, "FIFORing[4]": 0.03192424774169922, "BinaryHeap[2]": 0.04022717475891113, "Ring": 0.34644603729248047, "LossyRing[100]": 0.5025625228881836, "FIFORing[100]": 0.5245089530944824, "BinaryHeap[4]": 0.5545675754547119, "BinaryHeap[6]": 0.6184041500091553, "BinaryHeap[5]": 0.6262362003326416, "BinaryHeap[7]": 0.648576021194458, "BGPQ1": 0.7944941520690918}, "batched": {"DoNothing": 0.0024437904357910156, "SingleSpike": 0.4317045211791992, "SingleSpikeKeep": 0.47342777252197266, "FIFORing[2]": 4.828298091888428, "LossyRing[2]": 4.956942796707153, "BinaryHeap[2]": 5.212801694869995, "FIFORing[4]": 5.508112907409668, "BinaryHeap[3]": 5.976366996765137, "LossyRing[4]": 6.0186028480529785, "BinaryHeap[5]": 6.3395678997039795, "BinaryHeap[4]": 6.402552127838135, "BinaryHeap[6]": 6.561005115509033, "FIFORing[8]": 6.680244207382202, "BinaryHeap[7]": 7.05077052116394, "SortedArray[2]": 42.10571646690369, "SortedArray[4]": 45.92258334159851, "SortedArray[8]": 51.114851236343384, "BGPQ1": 92.70936250686646, "Ring": 126.2866199016571, "FIFORing[100]": 161.79744005203247, "LossyRing[100]": 165.62182307243347}, "host": {"hostname": "4cfa77c190f4", "device": "jax_cpu", "hw_version": "cpu", "jax_version": "0.6.0", "backend": "jax"}}