{"single": {"DoNothing": 0.00247955322265625, "LossyRing[2]": 16.4980411529541, "LossyRing[100]": 16.52214527130127, "LossyRing[4]": 16.524285078048706, "Ring": 19.665950536727905, "SortedArray[2]": 19.66995596885681, "SortedArray[4]": 19.73206400871277, "SortedArray[8]": 19.740623235702515, "SingleSpike": 22.190314531326294, "SingleSpikeKeep": 22.453796863555908, "FIFORing[2]": 22.6945698261261, "FIFORing[8]": 22.804206609725952, "FIFORing[100]": 22.81506657600403, "FIFORing[4]": 22.816437482833862, "BinaryHeap[2]": 48.9499568939209, "BinaryHeap[6]": 49.05349016189575, "BinaryHeap[4]": 49.22398924827576, "BinaryHeap[3]": 49.268245697021484, "BinaryHeap[7]": 49.30906891822815, "BinaryHeap[5]": 49.50834512710571, "BGPQ1": 52.426791191101074}, "batched": {"DoNothing": 0.0021696090698242188, "SingleSpike": 5.221813917160034, "SingleSpikeKeep": 5.233192443847656, "LossyRing[2]": 5.710601806640625, "LossyRing[4]": 5.897390842437744, "Ring": 7.045453786849976, "LossyRing[100]": 7.116669416427612, "FIFORing[2]": 7.2569191455841064, "FIFORing[4]": 7.275742292404175, "FIFORing[8]": 7.338213920593262, "FIFORing[100]": 8.614540100097656, "SortedArray[2]": 8.993667364120483, "SortedArray[4]": 9.906655550003052, "SortedArray[8]": 10.625839233398438, "BinaryHeap[2]": 30.89371919631958, "BinaryHeap[5]": 30.98630309104919, "BinaryHeap[4]": 31.184542179107666, "BinaryHeap[3]": 31.22982978820801, "BinaryHeap[7]": 31.297826766967777, "BinaryHeap[6]": 31.322467327117916, "BGPQ1": 101.4218270778656}, "host": {"hostname": "henkdenktenk_docker", "device": "jax_gpu", "hw_version": "PJRT C API\ncuda 12080", "jax_version": "0.6.0", "backend": "jax"}}