{"single": {"DoNothing": 0.00013208389282226562, "LossyRing[4]": 16.28967308998108, "LossyRing[100]": 16.311666011810303, "Ring": 16.32736563682556, "LossyRing[2]": 16.373738765716553, "SortedArray[8]": 18.107327222824097, "SortedArray[4]": 18.132472038269043, "SortedArray[2]": 18.986276149749756, "SingleSpikeKeep": 19.325588822364807, "SingleSpike": 19.33815574645996, "FIFORing[2]": 23.545153260231018, "FIFORing[100]": 23.593602538108826, "FIFORing[8]": 23.67612862586975, "FIFORing[4]": 24.15203595161438, "BGPQ1": 50.61273062229157}, "batched": {"DoNothing": 0.0013768672943115234, "SingleSpike": 4.654636979103088, "SingleSpikeKeep": 4.736858606338501, "LossyRing[2]": 6.507295370101929, "LossyRing[4]": 6.776270270347595, "FIFORing[2]": 7.943207025527955, "FIFORing[4]": 7.981032133102416, "FIFORing[8]": 8.2071453332901, "Ring": 8.34096372127533, "LossyRing[100]": 8.441776037216187, "SortedArray[2]": 9.563419222831726, "FIFORing[100]": 10.667672753334045, "SortedArray[4]": 12.027496099472046, "SortedArray[8]": 13.309305906295776, "BGPQ1": 107.51231014728546}, "host": {"hostname": "lennartpc", "device": "gpu", "hw_version": "PJRT C API\ncuda 12030", "jax_version": "0.5.0"}}