{"single": {"DoNothing": 3.2782554626464844e-05, "SortedArray[4]": 0.30571115016937256, "SingleSpikeKeep": 0.32179403305053716, "LossyRing[4]": 0.3245452642440796, "LossyRing[100]": 0.3263441324234009, "SortedArray[2]": 0.3266850709915161, "Ring": 0.3381812572479248, "LossyRing[2]": 0.3387448787689209, "SingleSpike": 0.3473386764526367, "SortedArray[8]": 0.3668278455734253, "FIFORing[2]": 0.41556060314178467, "FIFORing[8]": 0.42681312561035156, "FIFORing[4]": 0.4381833076477051, "FIFORing[100]": 0.45199596881866455, "BGPQ1": 0.6051286458969116}, "batched": {"DoNothing": 0.0007510185241699219, "SingleSpike": 1.5770673751831055, "SingleSpikeKeep": 1.6317695379257202, "SortedArray[2]": 43.303048610687256, "SortedArray[4]": 45.8504319190979, "SortedArray[8]": 50.35328269004822, "FIFORing[2]": 66.16284549236298, "FIFORing[8]": 67.30795800685883, "LossyRing[4]": 67.60797500610352, "LossyRing[2]": 67.75115430355072, "FIFORing[4]": 67.96465516090393, "Ring": 128.4113347530365, "LossyRing[100]": 224.01021718978882, "FIFORing[100]": 241.198268532753, "BGPQ1": 1630.3944617509842}, "host": {"hostname": "lennartpc", "device": "cpu", "hw_version": "cpu", "jax_version": "cpu"}}