{"regular": {"DoNothing": 9.203000366687775, "SingleSpike": 9.206600487232208, "SingleSpikeKeep": 9.28623229265213, "FIFORing[2]": 12.58780062198639, "FIFORing[3]": 12.806859612464905, "FIFORing[4]": 12.582683563232422, "SortedArray[2]": 12.325620651245117, "SortedArray[3]": 12.713705003261566, "SortedArray[4]": 12.859563529491425, "Ring": 11.228466033935547}, "forward": {"DoNothing": 27.842265367507935, "SingleSpike": 37.68796622753143, "SingleSpikeKeep": 38.363638520240784, "FIFORing[2]": 56.674742698669434, "FIFORing[3]": 59.81826186180115, "FIFORing[4]": 60.88430881500244, "SortedArray[2]": 52.863872051239014, "SortedArray[3]": 53.8361132144928, "SortedArray[4]": 56.689584255218506, "Ring": 2693.397903442383}, "reverse": {"DoNothing": 14.792585372924805, "SingleSpike": 18.923035264015198, "FIFORing[2]": 37.58936822414398, "FIFORing[3]": 38.11849057674408, "FIFORing[4]": 39.16049897670746, "SortedArray[2]": 34.92236137390137, "SortedArray[3]": 35.75979173183441, "SortedArray[4]": 35.85819900035858, "Ring": 32.16465413570404}, "host": {"hostname": "lennartpc", "device": "jax_gpu", "hw_version": "PJRT C API\ncuda 12030", "jax_version": "0.5.0", "backend": "jax"}}