{"single": {"DoNothing": 0.0012695789337158203, "LossyRing[4]": 15.255951881408691, "LossyRing[100]": 15.41486978530884, "Ring": 15.577948093414307, "LossyRing[2]": 15.647006034851072, "SortedArray[2]": 18.247699737548828, "SortedArray[4]": 18.264710903167725, "SortedArray[8]": 18.34927797317505, "SingleSpikeKeep": 18.463826179504395, "SingleSpike": 18.88675093650818, "FIFORing[8]": 22.203248739242554, "FIFORing[100]": 22.214263677597046, "FIFORing[2]": 22.24407196044922, "FIFORing[4]": 22.251248359680176, "BinaryHeap[2]": 47.04010486602783, "BinaryHeap[6]": 47.19458818435669, "BinaryHeap[3]": 47.236329317092896, "BinaryHeap[5]": 47.300899028778076, "BinaryHeap[4]": 47.363537549972534, "BinaryHeap[7]": 49.86013174057007, "BGPQ1": 52.74437665939331}, "batched": {"DoNothing": 0.001150369644165039, "SingleSpike": 4.7332704067230225, "SingleSpikeKeep": 4.776978492736816, "LossyRing[2]": 6.38388991355896, "LossyRing[4]": 6.5795063972473145, "FIFORing[2]": 7.865488529205323, "FIFORing[4]": 7.888567447662353, "FIFORing[8]": 8.301013708114624, "LossyRing[100]": 8.322274684906006, "SortedArray[2]": 9.519070386886597, "Ring": 10.299599170684814, "FIFORing[100]": 10.869830846786499, "SortedArray[4]": 12.365615367889404, "SortedArray[8]": 13.33816647529602, "BinaryHeap[3]": 28.99608612060547, "BinaryHeap[2]": 29.03740406036377, "BinaryHeap[7]": 29.74454164505005, "BinaryHeap[6]": 29.810112714767456, "BinaryHeap[5]": 29.816430807113647, "BinaryHeap[4]": 31.411612033843998, "BGPQ1": 108.40259194374084}, "host": {"hostname": "lennartpc", "device": "jax_gpu", "hw_version": "PJRT C API\ncuda 12030", "jax_version": "0.5.0", "backend": "jax"}}