{"single": {"DoNothing": 0.00017404556274414062, "SingleSpike": 0.0028002262115478516, "SingleSpikeKeep": 0.002938508987426758, "SortedArray[2]": 0.006884336471557617, "LossyRing[4]": 0.007039308547973633, "LossyRing[2]": 0.007240772247314452, "FIFORing[2]": 0.0077402591705322266, "FIFORing[4]": 0.00795125961303711, "FIFORing[8]": 0.007984638214111328, "Ring": 0.008208751678466797, "FIFORing[100]": 0.009168386459350586, "SortedArray[4]": 0.009444952011108398, "LossyRing[100]": 0.009514093399047852, "SortedArray[8]": 0.009959936141967773, "BGPQ1": 0.01239776611328125}, "batched": {"DoNothing": 0.00027179718017578125, "SingleSpike": 1.3125061988830566, "SingleSpikeKeep": 1.4667975902557373, "LossyRing[2]": 4.286196231842042, "FIFORing[2]": 6.553767919540405, "FIFORing[4]": 6.878546476364136, "LossyRing[4]": 7.177450656890868, "FIFORing[8]": 7.803578376770019, "Ring": 42.19479441642761, "LossyRing[100]": 55.70852875709534, "SortedArray[2]": 61.32737278938294, "FIFORing[100]": 69.80665564537048, "SortedArray[4]": 107.70257115364075, "BGPQ1": 110.83248734474184, "SortedArray[8]": 271.85035705566406}, "host": {"hostname": "spectre", "device": "jax_cpu", "hw_version": "cpu", "jax_version": "0.6.0", "backend": "jax"}}