{"regular": {"DoNothing": 0.047125815763138235, "SingleSpike": 0.0576877617277205, "SingleSpikeKeep": 0.05555152893066406, "FIFORing[2]": 0.24880885612219572, "FIFORing[3]": 0.15587806701660156, "FIFORing[4]": 0.16120433574542403, "SortedArray[2]": 0.7192468736320734, "SortedArray[3]": 1.0884475894272327, "SortedArray[4]": 1.3640070334076881, "Ring": 0.3142500063404441}, "forward": {"DoNothing": 6.531562656164169, "SingleSpike": 9.541764110326767, "SingleSpikeKeep": 9.422502666711807, "FIFORing[2]": 19.49545443058014, "FIFORing[3]": 21.16977721452713, "FIFORing[4]": 23.49856346845627, "SortedArray[2]": 21.7191219329834, "SortedArray[3]": 24.262061715126038, "SortedArray[4]": 28.83630394935608, "Ring": 167.60212182998657}, "host": {"hostname": "spectre", "device": "cpu", "hw_version": "cpu", "jax_version": "0.6.0"}}