{"single": {"DoNothing": 1.015990972518921, "SingleSpike": 4.584997892379761, "SingleSpikeKeep": 4.647618532180786, "LossyRing[2]": 18.3859646320343, "LossyRing[100]": 18.60891580581665, "Ring": 18.838369846343994, "LossyRing[4]": 19.264310598373413, "FIFORing[8]": 21.350330114364624, "FIFORing[100]": 21.852928400039673, "FIFORing[2]": 21.994876861572266, "FIFORing[4]": 22.352468967437744, "SortedArray[2]": NaN, "SortedArray[4]": NaN, "SortedArray[8]": NaN, "BGPQ1": NaN}, "batched": {"DoNothing": 1.201695203781128, "SingleSpike": 19.311833381652832, "SingleSpikeKeep": 34.16234850883484, "Ring": 1233.2440078258514, "LossyRing[2]": NaN, "LossyRing[4]": NaN, "LossyRing[100]": NaN, "FIFORing[2]": NaN, "FIFORing[4]": NaN, "FIFORing[8]": NaN, "FIFORing[100]": NaN, "SortedArray[2]": NaN, "SortedArray[4]": NaN, "SortedArray[8]": NaN, "BGPQ1": NaN}, "host": {"hostname": "spectre", "device": "onnxrt_cpu", "hw_version": "cpu", "jax_version": "0.6.0", "backend": "onnxrt"}}