{"single": {"DoNothing": 0.0003516674041748047, "SingleSpike": 0.0029921531677246094, "SingleSpikeKeep": 0.0030100345611572266, "BinaryHeap[3]": 0.005805492401123047, "BinaryHeap[7]": 0.0059545040130615234, "BinaryHeap[2]": 0.006139278411865234, "LossyRing[4]": 0.0061571598052978516, "BinaryHeap[6]": 0.0062465667724609375, "BinaryHeap[5]": 0.006288290023803711, "SortedArray[2]": 0.006395578384399414, "FIFORing[2]": 0.006836652755737305, "FIFORing[8]": 0.006955862045288086, "BinaryHeap[4]": 0.0070989131927490234, "LossyRing[2]": 0.007170438766479492, "FIFORing[4]": 0.007581710815429688, "Ring": 0.009053945541381836, "FIFORing[100]": 0.00928640365600586, "SortedArray[4]": 0.009334087371826172, "LossyRing[100]": 0.009971857070922852, "SortedArray[8]": 0.010448694229125977, "BGPQ1": 0.012707710266113281}, "batched": {"DoNothing": 0.0009834766387939453, "SingleSpikeKeep": 0.8450567722320557, "SingleSpike": 0.8479475975036621, "LossyRing[2]": 3.1584441661834717, "FIFORing[2]": 4.516202211380005, "FIFORing[4]": 4.721105098724365, "LossyRing[4]": 5.791735649108887, "BinaryHeap[4]": 5.8158040046691895, "BinaryHeap[3]": 6.030529737472534, "BinaryHeap[2]": 6.176483631134033, "FIFORing[8]": 6.431454420089722, "BinaryHeap[5]": 6.567829847335815, "BinaryHeap[6]": 7.046782970428467, "BinaryHeap[7]": 7.37413763999939, "Ring": 37.54386305809021, "LossyRing[100]": 46.198439598083496, "FIFORing[100]": 48.86704683303833, "SortedArray[2]": 55.85049390792847, "BGPQ1": 88.1687581539154, "SortedArray[4]": 101.75478458404541, "SortedArray[8]": 207.31714963912964}, "host": {"hostname": "spectre", "device": "jax_cpu", "hw_version": "cpu", "jax_version": "0.6.0", "backend": "jax"}}