{"regular": {"DoNothing": 0.4808473866432906, "SingleSpike": 0.5670166108757257, "SingleSpikeKeep": 0.5618572235107422, "FIFORing[2]": 1.0130596347153187, "FIFORing[3]": 1.0184955783188343, "FIFORing[4]": 1.0987186804413795, "SortedArray[2]": 1.9778156653046608, "SortedArray[3]": 2.2647906094789505, "SortedArray[4]": 2.5876378640532494, "Ring": 1.1318683624267578}, "forward": {"DoNothing": 4.6955205500125885, "SingleSpike": 10.034861415624619, "SingleSpikeKeep": 9.995074570178986, "FIFORing[2]": 15.599827468395233, "FIFORing[3]": 16.890911757946014, "FIFORing[4]": 17.579923570156097, "SortedArray[2]": 16.902318596839905, "SortedArray[3]": 18.2193323969841, "SortedArray[4]": 19.09264624118805, "Ring": 103.57846021652222}, "host": {"hostname": "spectre", "device": "cpu", "hw_version": "cpu", "jax_version": "0.6.0"}}