{"single": {"DoNothing": 0.0003933906555175781, "BitArray32": 0.0022649765014648438, "SingleSpike": 0.0030159950256347656, "SingleSpikeKeep": 0.0030934810638427734, "BinaryHeap[7]": 0.006663799285888672, "LossyRing[4]": 0.0070989131927490234, "FIFORing[4]": 0.00883936882019043, "SortedArray[4]": 0.009679794311523438, "BGPQ1": 0.013053417205810547, "Ring": 0.02148151397705078}, "batched": {"DoNothing": 0.0008463859558105469, "BitArray32": 144.4588005542755, "SingleSpikeKeep": 148.04037809371948, "SingleSpike": 151.72471404075623, "LossyRing[4]": 246.22749686241153, "BinaryHeap[7]": 253.6856710910797, "FIFORing[4]": 260.6091320514679, "Ring": 822.8226542472839, "BGPQ1": 1341.7839169502258, "SortedArray[4]": 1537.729036808014}, "host": {"hostname": "spectre", "device": "jax_cpu", "hw_version": "cpu", "jax_version": "0.6.0", "backend": "jax"}}