{"regular": {"DoNothing": 0.047631264897063375, "SingleSpike": 0.055494310799986124, "SingleSpikeKeep": 0.05966186872683465, "FIFORing[2]": 0.17394066089764237, "FIFORing[3]": 0.15583515632897615, "FIFORing[4]": 0.14988422626629472, "SortedArray[2]": 0.6641435902565718, "SortedArray[3]": 0.9609460830688477, "SortedArray[4]": 1.2980652041733265, "Ring": 0.2894401550292969}, "forward": {"DoNothing": 6.1776068061590195, "SingleSpike": 8.948025852441788, "SingleSpikeKeep": 9.097009152173996, "FIFORing[2]": 18.98789405822754, "FIFORing[3]": 20.548243820667267, "FIFORing[4]": 22.85141944885254, "SortedArray[2]": 20.979534089565277, "SortedArray[3]": 23.33558052778244, "SortedArray[4]": 26.063013076782227, "Ring": 127.01147794723511}, "reverse": {"DoNothing": 0.28002262115478516, "SingleSpike": 0.3757572267204523, "FIFORing[2]": 0.7589960005134344, "FIFORing[3]": 0.780100841075182, "FIFORing[4]": 0.8885574527084827, "SortedArray[2]": 1.6146708279848099, "SortedArray[3]": 2.291898801922798, "SortedArray[4]": 2.8923464938998222, "Ring": 5.718765407800674}, "host": {"hostname": "spectre", "device": "jax_cpu", "hw_version": "cpu", "jax_version": "0.6.0", "backend": "jax"}}